"Country or Area","Commodity - Transaction","Year","Unit","Quantity","Quantity Footnotes"
"Australia","Electricity - total geothermal production","2018","Kilowatt-hours, million","0",""
"Australia","Electricity - total geothermal production","2017","Kilowatt-hours, million","0.512",""
"Australia","Electricity - total geothermal production","2016","Kilowatt-hours, million","0",""
"Australia","Electricity - total geothermal production","2015","Kilowatt-hours, million","1",""
"Australia","Electricity - total geothermal production","2014","Kilowatt-hours, million","1",""
"Australia","Electricity - total geothermal production","2013","Kilowatt-hours, million","1",""
"Australia","Electricity - total geothermal production","2012","Kilowatt-hours, million","1",""
"Australia","Electricity - total geothermal production","2011","Kilowatt-hours, million","1",""
"Australia","Electricity - total geothermal production","2010","Kilowatt-hours, million","1",""
"Australia","Electricity - total geothermal production","2009","Kilowatt-hours, million","1",""
"Australia","Electricity - total geothermal production","2008","Kilowatt-hours, million","1",""
"Australia","Electricity - total geothermal production","2007","Kilowatt-hours, million","1",""
"Australia","Electricity - total geothermal production","2006","Kilowatt-hours, million","1",""
"Austria","Electricity - total geothermal production","2020","Kilowatt-hours, million","0.073",""
"Austria","Electricity - total geothermal production","2019","Kilowatt-hours, million","0.2",""
"Austria","Electricity - total geothermal production","2018","Kilowatt-hours, million","0.239",""
"Austria","Electricity - total geothermal production","2017","Kilowatt-hours, million","0.091",""
"Austria","Electricity - total geothermal production","2016","Kilowatt-hours, million","0",""
"Austria","Electricity - total geothermal production","2015","Kilowatt-hours, million","0",""
"Austria","Electricity - total geothermal production","2014","Kilowatt-hours, million","0",""
"Austria","Electricity - total geothermal production","2013","Kilowatt-hours, million","0",""
"Austria","Electricity - total geothermal production","2012","Kilowatt-hours, million","1",""
"Austria","Electricity - total geothermal production","2011","Kilowatt-hours, million","1",""
"Austria","Electricity - total geothermal production","2010","Kilowatt-hours, million","1",""
"Austria","Electricity - total geothermal production","2009","Kilowatt-hours, million","2",""
"Austria","Electricity - total geothermal production","2008","Kilowatt-hours, million","2",""
"Austria","Electricity - total geothermal production","2007","Kilowatt-hours, million","2",""
"Austria","Electricity - total geothermal production","2006","Kilowatt-hours, million","3",""
"Austria","Electricity - total geothermal production","2005","Kilowatt-hours, million","2",""
"Austria","Electricity - total geothermal production","2004","Kilowatt-hours, million","2",""
"Austria","Electricity - total geothermal production","2003","Kilowatt-hours, million","3",""
"Austria","Electricity - total geothermal production","2002","Kilowatt-hours, million","3",""
"Chile","Electricity - total geothermal production","2020","Kilowatt-hours, million","216",""
"Chile","Electricity - total geothermal production","2019","Kilowatt-hours, million","202",""
"Chile","Electricity - total geothermal production","2018","Kilowatt-hours, million","214.1",""
"Chile","Electricity - total geothermal production","2017","Kilowatt-hours, million","63.8",""
"Costa Rica","Electricity - total geothermal production","2020","Kilowatt-hours, million","1689.174",""
"Costa Rica","Electricity - total geothermal production","2019","Kilowatt-hours, million","1512.576",""
"Costa Rica","Electricity - total geothermal production","2018","Kilowatt-hours, million","968.571",""
"Costa Rica","Electricity - total geothermal production","2017","Kilowatt-hours, million","1117.832",""
"Costa Rica","Electricity - total geothermal production","2016","Kilowatt-hours, million","1339.515",""
"Costa Rica","Electricity - total geothermal production","2015","Kilowatt-hours, million","1375.62888888889",""
"Costa Rica","Electricity - total geothermal production","2014","Kilowatt-hours, million","1538.135556",""
"Costa Rica","Electricity - total geothermal production","2013","Kilowatt-hours, million","1516.73527822222",""
"Costa Rica","Electricity - total geothermal production","2012","Kilowatt-hours, million","1402.550833",""
"Costa Rica","Electricity - total geothermal production","2011","Kilowatt-hours, million","1279.54277788889",""
"Costa Rica","Electricity - total geothermal production","2010","Kilowatt-hours, million","1176.080555",""
"Costa Rica","Electricity - total geothermal production","2009","Kilowatt-hours, million","1185.838889",""
"Costa Rica","Electricity - total geothermal production","2008","Kilowatt-hours, million","1130.863889",""
"Costa Rica","Electricity - total geothermal production","2007","Kilowatt-hours, million","1238.530555",""
"Costa Rica","Electricity - total geothermal production","2006","Kilowatt-hours, million","1214.888889",""
"Costa Rica","Electricity - total geothermal production","2005","Kilowatt-hours, million","1148.333333",""
"Costa Rica","Electricity - total geothermal production","2004","Kilowatt-hours, million","1116",""
"Costa Rica","Electricity - total geothermal production","2003","Kilowatt-hours, million","920",""
"Costa Rica","Electricity - total geothermal production","2002","Kilowatt-hours, million","1121",""
"Costa Rica","Electricity - total geothermal production","2001","Kilowatt-hours, million","986",""
"Costa Rica","Electricity - total geothermal production","2000","Kilowatt-hours, million","976",""
"Costa Rica","Electricity - total geothermal production","1999","Kilowatt-hours, million","804",""
"Costa Rica","Electricity - total geothermal production","1998","Kilowatt-hours, million","591",""
"Costa Rica","Electricity - total geothermal production","1997","Kilowatt-hours, million","544",""
"Costa Rica","Electricity - total geothermal production","1996","Kilowatt-hours, million","510",""
"Costa Rica","Electricity - total geothermal production","1995","Kilowatt-hours, million","468",""
"Costa Rica","Electricity - total geothermal production","1994","Kilowatt-hours, million","342",""
"Croatia","Electricity - total geothermal production","2020","Kilowatt-hours, million","93.7",""
"Croatia","Electricity - total geothermal production","2019","Kilowatt-hours, million","91.9",""
"Croatia","Electricity - total geothermal production","2018","Kilowatt-hours, million","2",""
"El Salvador","Electricity - total geothermal production","2021","Kilowatt-hours, million","1559.1",""
"El Salvador","Electricity - total geothermal production","2020","Kilowatt-hours, million","1557",""
"El Salvador","Electricity - total geothermal production","2019","Kilowatt-hours, million","1474",""
"El Salvador","Electricity - total geothermal production","2018","Kilowatt-hours, million","1545.3",""
"El Salvador","Electricity - total geothermal production","2017","Kilowatt-hours, million","1569.1",""
"El Salvador","Electricity - total geothermal production","2016","Kilowatt-hours, million","1575.5",""
"El Salvador","Electricity - total geothermal production","2015","Kilowatt-hours, million","1539.7",""
"El Salvador","Electricity - total geothermal production","2014","Kilowatt-hours, million","1557.6",""
"El Salvador","Electricity - total geothermal production","2013","Kilowatt-hours, million","1560",""
"El Salvador","Electricity - total geothermal production","2012","Kilowatt-hours, million","1535",""
"El Salvador","Electricity - total geothermal production","2011","Kilowatt-hours, million","1534",""
"El Salvador","Electricity - total geothermal production","2010","Kilowatt-hours, million","1525",""
"El Salvador","Electricity - total geothermal production","2009","Kilowatt-hours, million","1524",""
"El Salvador","Electricity - total geothermal production","2008","Kilowatt-hours, million","1519",""
"El Salvador","Electricity - total geothermal production","2007","Kilowatt-hours, million","1382",""
"El Salvador","Electricity - total geothermal production","2006","Kilowatt-hours, million","1140",""
"El Salvador","Electricity - total geothermal production","2005","Kilowatt-hours, million","1051",""
"El Salvador","Electricity - total geothermal production","2004","Kilowatt-hours, million","1011",""
"El Salvador","Electricity - total geothermal production","2003","Kilowatt-hours, million","1026",""
"El Salvador","Electricity - total geothermal production","2002","Kilowatt-hours, million","993",""
"El Salvador","Electricity - total geothermal production","2001","Kilowatt-hours, million","966",""
"El Salvador","Electricity - total geothermal production","2000","Kilowatt-hours, million","786",""
"El Salvador","Electricity - total geothermal production","1999","Kilowatt-hours, million","598",""
"El Salvador","Electricity - total geothermal production","1998","Kilowatt-hours, million","451",""
"El Salvador","Electricity - total geothermal production","1997","Kilowatt-hours, million","486",""
"El Salvador","Electricity - total geothermal production","1996","Kilowatt-hours, million","431",""
"El Salvador","Electricity - total geothermal production","1995","Kilowatt-hours, million","443",""
"El Salvador","Electricity - total geothermal production","1994","Kilowatt-hours, million","407",""
"El Salvador","Electricity - total geothermal production","1993","Kilowatt-hours, million","380",""
"El Salvador","Electricity - total geothermal production","1992","Kilowatt-hours, million","391",""
"El Salvador","Electricity - total geothermal production","1991","Kilowatt-hours, million","425",""
"El Salvador","Electricity - total geothermal production","1990","Kilowatt-hours, million","419",""
"Ethiopia","Electricity - total geothermal production","2011","Kilowatt-hours, million","8",""
"Ethiopia","Electricity - total geothermal production","2010","Kilowatt-hours, million","18",""
"Ethiopia","Electricity - total geothermal production","2009","Kilowatt-hours, million","24",""
"Ethiopia","Electricity - total geothermal production","2008","Kilowatt-hours, million","14",""
"Ethiopia","Electricity - total geothermal production","2007","Kilowatt-hours, million","0",""
"Ethiopia","Electricity - total geothermal production","2006","Kilowatt-hours, million","0",""
"Ethiopia","Electricity - total geothermal production","2005","Kilowatt-hours, million","0",""
"Ethiopia","Electricity - total geothermal production","2004","Kilowatt-hours, million","0",""
"Ethiopia","Electricity - total geothermal production","2003","Kilowatt-hours, million","0",""
"Ethiopia","Electricity - total geothermal production","2002","Kilowatt-hours, million","1",""
"Ethiopia","Electricity - total geothermal production","2001","Kilowatt-hours, million","5",""
"Ethiopia","Electricity - total geothermal production","2000","Kilowatt-hours, million","20",""
"Ethiopia","Electricity - total geothermal production","1999","Kilowatt-hours, million","26",""
"Ethiopia","Electricity - total geothermal production","1998","Kilowatt-hours, million","20",""
"Ethiopia","Electricity - total geothermal production","1997","Kilowatt-hours, million","6","1"
"Ethiopia","Electricity - total geothermal production","1996","Kilowatt-hours, million","6","1"
"Ethiopia","Electricity - total geothermal production","1995","Kilowatt-hours, million","6","1"
"Ethiopia","Electricity - total geothermal production","1994","Kilowatt-hours, million","5","1"
"Ethiopia, incl. Eritrea","Electricity - total geothermal production","1993","Kilowatt-hours, million","68",""
"Ethiopia, incl. Eritrea","Electricity - total geothermal production","1992","Kilowatt-hours, million","66",""
"Ethiopia, incl. Eritrea","Electricity - total geothermal production","1991","Kilowatt-hours, million","65",""
"Ethiopia, incl. Eritrea","Electricity - total geothermal production","1990","Kilowatt-hours, million","66","1"
"France","Electricity - total geothermal production","2020","Kilowatt-hours, million","133.199",""
"France","Electricity - total geothermal production","2019","Kilowatt-hours, million","128.486",""
"France","Electricity - total geothermal production","2018","Kilowatt-hours, million","126.975",""
"France","Electricity - total geothermal production","2017","Kilowatt-hours, million","133.13",""
"France","Electricity - total geothermal production","2016","Kilowatt-hours, million","97",""
"France","Electricity - total geothermal production","2015","Kilowatt-hours, million","92",""
"France","Electricity - total geothermal production","2014","Kilowatt-hours, million","83",""
"France","Electricity - total geothermal production","2013","Kilowatt-hours, million","90",""
"France","Electricity - total geothermal production","2012","Kilowatt-hours, million","57",""
"France","Electricity - total geothermal production","2011","Kilowatt-hours, million","62",""
"Germany","Electricity - total geothermal production","2020","Kilowatt-hours, million","231",""
"Germany","Electricity - total geothermal production","2019","Kilowatt-hours, million","197",""
"Germany","Electricity - total geothermal production","2018","Kilowatt-hours, million","178",""
"Germany","Electricity - total geothermal production","2017","Kilowatt-hours, million","163",""
"Germany","Electricity - total geothermal production","2016","Kilowatt-hours, million","175",""
"Germany","Electricity - total geothermal production","2015","Kilowatt-hours, million","134",""
"Germany","Electricity - total geothermal production","2014","Kilowatt-hours, million","98",""
"Germany","Electricity - total geothermal production","2013","Kilowatt-hours, million","80",""
"Germany","Electricity - total geothermal production","2012","Kilowatt-hours, million","25",""
"Germany","Electricity - total geothermal production","2011","Kilowatt-hours, million","19",""
"Germany","Electricity - total geothermal production","2010","Kilowatt-hours, million","28",""
"Germany","Electricity - total geothermal production","2009","Kilowatt-hours, million","19",""
"Germany","Electricity - total geothermal production","2008","Kilowatt-hours, million","18",""
"Guadeloupe","Electricity - total geothermal production","2010","Kilowatt-hours, million","14.6",""
"Guadeloupe","Electricity - total geothermal production","2009","Kilowatt-hours, million","49.5",""
"Guadeloupe","Electricity - total geothermal production","2008","Kilowatt-hours, million","89.3",""
"Guadeloupe","Electricity - total geothermal production","2007","Kilowatt-hours, million","94.7",""
"Guadeloupe","Electricity - total geothermal production","2006","Kilowatt-hours, million","78.1",""
"Guadeloupe","Electricity - total geothermal production","2005","Kilowatt-hours, million","95.3",""
"Guadeloupe","Electricity - total geothermal production","2004","Kilowatt-hours, million","29.2",""
"Guadeloupe","Electricity - total geothermal production","2003","Kilowatt-hours, million","23.1",""
"Guadeloupe","Electricity - total geothermal production","2002","Kilowatt-hours, million","16.9",""
"Guadeloupe","Electricity - total geothermal production","2001","Kilowatt-hours, million","19.6",""
"Guadeloupe","Electricity - total geothermal production","2000","Kilowatt-hours, million","21.4",""
"Guadeloupe","Electricity - total geothermal production","1999","Kilowatt-hours, million","20.1",""
"Guadeloupe","Electricity - total geothermal production","1998","Kilowatt-hours, million","23.2",""
"Guadeloupe","Electricity - total geothermal production","1997","Kilowatt-hours, million","0",""
"Guadeloupe","Electricity - total geothermal production","1996","Kilowatt-hours, million","6.8",""
"Guadeloupe","Electricity - total geothermal production","1995","Kilowatt-hours, million","15","1"
"Guadeloupe","Electricity - total geothermal production","1994","Kilowatt-hours, million","15","1"
"Guadeloupe","Electricity - total geothermal production","1993","Kilowatt-hours, million","15","1"
"Guadeloupe","Electricity - total geothermal production","1992","Kilowatt-hours, million","15","1"
"Guadeloupe","Electricity - total geothermal production","1991","Kilowatt-hours, million","15","1"
"Guadeloupe","Electricity - total geothermal production","1990","Kilowatt-hours, million","15","1"
"Guatemala","Electricity - total geothermal production","2020","Kilowatt-hours, million","326",""
"Guatemala","Electricity - total geothermal production","2019","Kilowatt-hours, million","312",""
"Guatemala","Electricity - total geothermal production","2018","Kilowatt-hours, million","249.75",""
"Guatemala","Electricity - total geothermal production","2017","Kilowatt-hours, million","253.05",""
"Guatemala","Electricity - total geothermal production","2016","Kilowatt-hours, million","289.14",""
"Guatemala","Electricity - total geothermal production","2015","Kilowatt-hours, million","251.53",""
"Guatemala","Electricity - total geothermal production","2014","Kilowatt-hours, million","246.6",""
"Guatemala","Electricity - total geothermal production","2013","Kilowatt-hours, million","212.35",""
"Guatemala","Electricity - total geothermal production","2012","Kilowatt-hours, million","245.63",""
"Guatemala","Electricity - total geothermal production","2011","Kilowatt-hours, million","246",""
"Guatemala","Electricity - total geothermal production","2010","Kilowatt-hours, million","271",""
"Guatemala","Electricity - total geothermal production","2009","Kilowatt-hours, million","387",""
"Guatemala","Electricity - total geothermal production","2008","Kilowatt-hours, million","294",""
"Guatemala","Electricity - total geothermal production","2007","Kilowatt-hours, million","263",""
"Guatemala","Electricity - total geothermal production","2006","Kilowatt-hours, million","163",""
"Guatemala","Electricity - total geothermal production","2005","Kilowatt-hours, million","146",""
"Honduras","Electricity - total geothermal production","2021","Kilowatt-hours, million","348.197",""
"Honduras","Electricity - total geothermal production","2020","Kilowatt-hours, million","307",""
"Honduras","Electricity - total geothermal production","2019","Kilowatt-hours, million","295.9",""
"Honduras","Electricity - total geothermal production","2018","Kilowatt-hours, million","297.1",""
"Honduras","Electricity - total geothermal production","2017","Kilowatt-hours, million","92.6",""
"Hungary","Electricity - total geothermal production","2020","Kilowatt-hours, million","16",""
"Hungary","Electricity - total geothermal production","2019","Kilowatt-hours, million","18",""
"Hungary","Electricity - total geothermal production","2018","Kilowatt-hours, million","12",""
"Hungary","Electricity - total geothermal production","2017","Kilowatt-hours, million","1",""
"Iceland","Electricity - total geothermal production","2020","Kilowatt-hours, million","5960.603",""
"Iceland","Electricity - total geothermal production","2019","Kilowatt-hours, million","6018.138",""
"Iceland","Electricity - total geothermal production","2018","Kilowatt-hours, million","6009.834",""
"Iceland","Electricity - total geothermal production","2017","Kilowatt-hours, million","5169.599",""
"Iceland","Electricity - total geothermal production","2016","Kilowatt-hours, million","5068",""
"Iceland","Electricity - total geothermal production","2015","Kilowatt-hours, million","5003",""
"Iceland","Electricity - total geothermal production","2014","Kilowatt-hours, million","5239",""
"Iceland","Electricity - total geothermal production","2013","Kilowatt-hours, million","5245",""
"Iceland","Electricity - total geothermal production","2012","Kilowatt-hours, million","5209",""
"Iceland","Electricity - total geothermal production","2011","Kilowatt-hours, million","4702",""
"Iceland","Electricity - total geothermal production","2010","Kilowatt-hours, million","4465",""
"Iceland","Electricity - total geothermal production","2009","Kilowatt-hours, million","4553",""
"Iceland","Electricity - total geothermal production","2008","Kilowatt-hours, million","4038",""
"Iceland","Electricity - total geothermal production","2007","Kilowatt-hours, million","3579",""
"Iceland","Electricity - total geothermal production","2006","Kilowatt-hours, million","2631",""
"Iceland","Electricity - total geothermal production","2005","Kilowatt-hours, million","1658",""
"Iceland","Electricity - total geothermal production","2004","Kilowatt-hours, million","1483",""
"Iceland","Electricity - total geothermal production","2003","Kilowatt-hours, million","1406",""
"Iceland","Electricity - total geothermal production","2002","Kilowatt-hours, million","1433",""
"Iceland","Electricity - total geothermal production","2001","Kilowatt-hours, million","1451",""
"Iceland","Electricity - total geothermal production","2000","Kilowatt-hours, million","1323",""
"Iceland","Electricity - total geothermal production","1999","Kilowatt-hours, million","1136",""
"Iceland","Electricity - total geothermal production","1998","Kilowatt-hours, million","655",""
"Iceland","Electricity - total geothermal production","1997","Kilowatt-hours, million","375",""
"Iceland","Electricity - total geothermal production","1996","Kilowatt-hours, million","346",""
"Iceland","Electricity - total geothermal production","1995","Kilowatt-hours, million","290",""
"Iceland","Electricity - total geothermal production","1994","Kilowatt-hours, million","260",""
"Iceland","Electricity - total geothermal production","1993","Kilowatt-hours, million","256",""
"Iceland","Electricity - total geothermal production","1992","Kilowatt-hours, million","230",""
"Iceland","Electricity - total geothermal production","1991","Kilowatt-hours, million","283",""
"Iceland","Electricity - total geothermal production","1990","Kilowatt-hours, million","300",""
"Indonesia","Electricity - total geothermal production","2020","Kilowatt-hours, million","13488.27",""
"Indonesia","Electricity - total geothermal production","2019","Kilowatt-hours, million","12671.78",""
"Indonesia","Electricity - total geothermal production","2018","Kilowatt-hours, million","12804",""
"Indonesia","Electricity - total geothermal production","2017","Kilowatt-hours, million","12763.9",""
"Indonesia","Electricity - total geothermal production","2016","Kilowatt-hours, million","10656",""
"Indonesia","Electricity - total geothermal production","2015","Kilowatt-hours, million","8590.55",""
"Indonesia","Electricity - total geothermal production","2014","Kilowatt-hours, million","15749",""
"Indonesia","Electricity - total geothermal production","2013","Kilowatt-hours, million","13492",""
"Indonesia","Electricity - total geothermal production","2012","Kilowatt-hours, million","9417",""
"Indonesia","Electricity - total geothermal production","2011","Kilowatt-hours, million","9371",""
"Indonesia","Electricity - total geothermal production","2010","Kilowatt-hours, million","9357",""
"Indonesia","Electricity - total geothermal production","2009","Kilowatt-hours, million","9295",""
"Indonesia","Electricity - total geothermal production","2008","Kilowatt-hours, million","8297",""
"Indonesia","Electricity - total geothermal production","2007","Kilowatt-hours, million","7021",""
"Indonesia","Electricity - total geothermal production","2006","Kilowatt-hours, million","6658",""
"Indonesia","Electricity - total geothermal production","2005","Kilowatt-hours, million","6604",""
"Indonesia","Electricity - total geothermal production","2004","Kilowatt-hours, million","6651",""
"Indonesia","Electricity - total geothermal production","2003","Kilowatt-hours, million","6315",""
"Indonesia","Electricity - total geothermal production","2002","Kilowatt-hours, million","6238",""
"Indonesia","Electricity - total geothermal production","2001","Kilowatt-hours, million","6031",""
"Indonesia","Electricity - total geothermal production","2000","Kilowatt-hours, million","2649",""
"Indonesia","Electricity - total geothermal production","1999","Kilowatt-hours, million","2728",""
"Indonesia","Electricity - total geothermal production","1998","Kilowatt-hours, million","2593",""
"Indonesia","Electricity - total geothermal production","1997","Kilowatt-hours, million","2439",""
"Indonesia","Electricity - total geothermal production","1996","Kilowatt-hours, million","2210",""
"Indonesia","Electricity - total geothermal production","1995","Kilowatt-hours, million","2210",""
"Indonesia","Electricity - total geothermal production","1994","Kilowatt-hours, million","1601",""
"Indonesia","Electricity - total geothermal production","1993","Kilowatt-hours, million","1087",""
"Indonesia","Electricity - total geothermal production","1992","Kilowatt-hours, million","1025",""
"Indonesia","Electricity - total geothermal production","1991","Kilowatt-hours, million","1102",""
"Indonesia","Electricity - total geothermal production","1990","Kilowatt-hours, million","1125",""
"Italy","Electricity - total geothermal production","2020","Kilowatt-hours, million","6026.112",""
"Italy","Electricity - total geothermal production","2019","Kilowatt-hours, million","6074.86",""
"Italy","Electricity - total geothermal production","2018","Kilowatt-hours, million","6105.39",""
"Italy","Electricity - total geothermal production","2017","Kilowatt-hours, million","6201.159",""
"Italy","Electricity - total geothermal production","2016","Kilowatt-hours, million","6289",""
"Italy","Electricity - total geothermal production","2015","Kilowatt-hours, million","6185",""
"Italy","Electricity - total geothermal production","2014","Kilowatt-hours, million","5916",""
"Italy","Electricity - total geothermal production","2013","Kilowatt-hours, million","5659",""
"Italy","Electricity - total geothermal production","2012","Kilowatt-hours, million","5592",""
"Italy","Electricity - total geothermal production","2011","Kilowatt-hours, million","5654",""
"Italy","Electricity - total geothermal production","2010","Kilowatt-hours, million","5376",""
"Italy","Electricity - total geothermal production","2009","Kilowatt-hours, million","5342",""
"Italy","Electricity - total geothermal production","2008","Kilowatt-hours, million","5520",""
"Italy","Electricity - total geothermal production","2007","Kilowatt-hours, million","5569",""
"Italy","Electricity - total geothermal production","2006","Kilowatt-hours, million","5527",""
"Italy","Electricity - total geothermal production","2005","Kilowatt-hours, million","5324",""
"Italy","Electricity - total geothermal production","2004","Kilowatt-hours, million","5437",""
"Italy","Electricity - total geothermal production","2003","Kilowatt-hours, million","5341",""
"Italy","Electricity - total geothermal production","2002","Kilowatt-hours, million","4662",""
"Italy","Electricity - total geothermal production","2001","Kilowatt-hours, million","4507",""
"Italy","Electricity - total geothermal production","2000","Kilowatt-hours, million","4705",""
"Italy","Electricity - total geothermal production","1999","Kilowatt-hours, million","4403",""
"Italy","Electricity - total geothermal production","1998","Kilowatt-hours, million","4214",""
"Italy","Electricity - total geothermal production","1997","Kilowatt-hours, million","3905",""
"Italy","Electricity - total geothermal production","1996","Kilowatt-hours, million","3762",""
"Italy","Electricity - total geothermal production","1995","Kilowatt-hours, million","3436",""
"Italy","Electricity - total geothermal production","1994","Kilowatt-hours, million","3417",""
"Italy","Electricity - total geothermal production","1993","Kilowatt-hours, million","3667",""
"Italy","Electricity - total geothermal production","1992","Kilowatt-hours, million","3459",""
"Italy","Electricity - total geothermal production","1991","Kilowatt-hours, million","3182",""
"Italy","Electricity - total geothermal production","1990","Kilowatt-hours, million","3222",""
"Japan","Electricity - total geothermal production","2020","Kilowatt-hours, million","2991.863",""
"Japan","Electricity - total geothermal production","2019","Kilowatt-hours, million","2846.536",""
"Japan","Electricity - total geothermal production","2018","Kilowatt-hours, million","2524.188",""
"Japan","Electricity - total geothermal production","2017","Kilowatt-hours, million","2457.052",""
"Japan","Electricity - total geothermal production","2016","Kilowatt-hours, million","2501",""
"Japan","Electricity - total geothermal production","2015","Kilowatt-hours, million","2595",""
"Japan","Electricity - total geothermal production","2014","Kilowatt-hours, million","2620",""
"Japan","Electricity - total geothermal production","2013","Kilowatt-hours, million","2603",""
"Japan","Electricity - total geothermal production","2012","Kilowatt-hours, million","2609",""
"Japan","Electricity - total geothermal production","2011","Kilowatt-hours, million","2676",""
"Japan","Electricity - total geothermal production","2010","Kilowatt-hours, million","2632",""
"Japan","Electricity - total geothermal production","2009","Kilowatt-hours, million","2886",""
"Japan","Electricity - total geothermal production","2008","Kilowatt-hours, million","2750",""
"Japan","Electricity - total geothermal production","2007","Kilowatt-hours, million","3043",""
"Japan","Electricity - total geothermal production","2006","Kilowatt-hours, million","3081",""
"Japan","Electricity - total geothermal production","2005","Kilowatt-hours, million","3226",""
"Japan","Electricity - total geothermal production","2004","Kilowatt-hours, million","3374",""
"Japan","Electricity - total geothermal production","2003","Kilowatt-hours, million","3484",""
"Japan","Electricity - total geothermal production","2002","Kilowatt-hours, million","3374",""
"Japan","Electricity - total geothermal production","2001","Kilowatt-hours, million","3432",""
"Japan","Electricity - total geothermal production","2000","Kilowatt-hours, million","3348",""
"Japan","Electricity - total geothermal production","1999","Kilowatt-hours, million","3451",""
"Japan","Electricity - total geothermal production","1998","Kilowatt-hours, million","3531",""
"Japan","Electricity - total geothermal production","1997","Kilowatt-hours, million","3756",""
"Japan","Electricity - total geothermal production","1996","Kilowatt-hours, million","3673",""
"Japan","Electricity - total geothermal production","1995","Kilowatt-hours, million","3173",""
"Japan","Electricity - total geothermal production","1994","Kilowatt-hours, million","2064",""
"Japan","Electricity - total geothermal production","1993","Kilowatt-hours, million","1777",""
"Japan","Electricity - total geothermal production","1992","Kilowatt-hours, million","1787",""
"Japan","Electricity - total geothermal production","1991","Kilowatt-hours, million","1773",""
"Japan","Electricity - total geothermal production","1990","Kilowatt-hours, million","1741",""
"Kenya","Electricity - total geothermal production","2020","Kilowatt-hours, million","5059.8",""
"Kenya","Electricity - total geothermal production","2019","Kilowatt-hours, million","5234.7",""
"Kenya","Electricity - total geothermal production","2018","Kilowatt-hours, million","5127.8",""
"Kenya","Electricity - total geothermal production","2017","Kilowatt-hours, million","4756.3",""
"Kenya","Electricity - total geothermal production","2016","Kilowatt-hours, million","4484.2",""
"Kenya","Electricity - total geothermal production","2015","Kilowatt-hours, million","4520.7",""
"Kenya","Electricity - total geothermal production","2014","Kilowatt-hours, million","2917.4",""
"Kenya","Electricity - total geothermal production","2013","Kilowatt-hours, million","1780.9",""
"Kenya","Electricity - total geothermal production","2012","Kilowatt-hours, million","1515.9",""
"Kenya","Electricity - total geothermal production","2011","Kilowatt-hours, million","1443.7",""
"Kenya","Electricity - total geothermal production","2010","Kilowatt-hours, million","1442",""
"Kenya","Electricity - total geothermal production","2009","Kilowatt-hours, million","1293",""
"Kenya","Electricity - total geothermal production","2008","Kilowatt-hours, million","1039",""
"Kenya","Electricity - total geothermal production","2007","Kilowatt-hours, million","988.9",""
"Kenya","Electricity - total geothermal production","2006","Kilowatt-hours, million","1045.7",""
"Kenya","Electricity - total geothermal production","2005","Kilowatt-hours, million","1001.6",""
"Kenya","Electricity - total geothermal production","2004","Kilowatt-hours, million","986.6",""
"Kenya","Electricity - total geothermal production","2003","Kilowatt-hours, million","787",""
"Kenya","Electricity - total geothermal production","2002","Kilowatt-hours, million","386",""
"Kenya","Electricity - total geothermal production","2001","Kilowatt-hours, million","480",""
"Kenya","Electricity - total geothermal production","2000","Kilowatt-hours, million","429",""
"Kenya","Electricity - total geothermal production","1999","Kilowatt-hours, million","383",""
"Kenya","Electricity - total geothermal production","1998","Kilowatt-hours, million","387",""
"Kenya","Electricity - total geothermal production","1997","Kilowatt-hours, million","369",""
"Kenya","Electricity - total geothermal production","1996","Kilowatt-hours, million","392",""
"Kenya","Electricity - total geothermal production","1995","Kilowatt-hours, million","290",""
"Kenya","Electricity - total geothermal production","1994","Kilowatt-hours, million","261",""
"Kenya","Electricity - total geothermal production","1993","Kilowatt-hours, million","272",""
"Kenya","Electricity - total geothermal production","1992","Kilowatt-hours, million","272",""
"Kenya","Electricity - total geothermal production","1991","Kilowatt-hours, million","298",""
"Kenya","Electricity - total geothermal production","1990","Kilowatt-hours, million","336",""
"Mexico","Electricity - total geothermal production","2020","Kilowatt-hours, million","5320",""
"Mexico","Electricity - total geothermal production","2019","Kilowatt-hours, million","5351",""
"Mexico","Electricity - total geothermal production","2018","Kilowatt-hours, million","5375",""
"Mexico","Electricity - total geothermal production","2017","Kilowatt-hours, million","5945.488",""
"Mexico","Electricity - total geothermal production","2016","Kilowatt-hours, million","6148",""
"Mexico","Electricity - total geothermal production","2015","Kilowatt-hours, million","6331",""
"Mexico","Electricity - total geothermal production","2014","Kilowatt-hours, million","6000",""
"Mexico","Electricity - total geothermal production","2013","Kilowatt-hours, million","6070",""
"Mexico","Electricity - total geothermal production","2012","Kilowatt-hours, million","5817",""
"Mexico","Electricity - total geothermal production","2011","Kilowatt-hours, million","6507",""
"Mexico","Electricity - total geothermal production","2010","Kilowatt-hours, million","6618",""
"Mexico","Electricity - total geothermal production","2009","Kilowatt-hours, million","6740",""
"Mexico","Electricity - total geothermal production","2008","Kilowatt-hours, million","7056",""
"Mexico","Electricity - total geothermal production","2007","Kilowatt-hours, million","7404",""
"Mexico","Electricity - total geothermal production","2006","Kilowatt-hours, million","6685",""
"Mexico","Electricity - total geothermal production","2005","Kilowatt-hours, million","7299",""
"Mexico","Electricity - total geothermal production","2004","Kilowatt-hours, million","6577",""
"Mexico","Electricity - total geothermal production","2003","Kilowatt-hours, million","6282",""
"Mexico","Electricity - total geothermal production","2002","Kilowatt-hours, million","5398",""
"Mexico","Electricity - total geothermal production","2001","Kilowatt-hours, million","5567",""
"Mexico","Electricity - total geothermal production","2000","Kilowatt-hours, million","5901",""
"Mexico","Electricity - total geothermal production","1999","Kilowatt-hours, million","5623",""
"Mexico","Electricity - total geothermal production","1998","Kilowatt-hours, million","5657",""
"Mexico","Electricity - total geothermal production","1997","Kilowatt-hours, million","5466",""
"Mexico","Electricity - total geothermal production","1996","Kilowatt-hours, million","5729",""
"Mexico","Electricity - total geothermal production","1995","Kilowatt-hours, million","5669",""
"Mexico","Electricity - total geothermal production","1994","Kilowatt-hours, million","5598",""
"Mexico","Electricity - total geothermal production","1993","Kilowatt-hours, million","5877",""
"Mexico","Electricity - total geothermal production","1992","Kilowatt-hours, million","5804",""
"Mexico","Electricity - total geothermal production","1991","Kilowatt-hours, million","5435",""
"Mexico","Electricity - total geothermal production","1990","Kilowatt-hours, million","5124",""
"New Zealand","Electricity - total geothermal production","2020","Kilowatt-hours, million","8303.585",""
"New Zealand","Electricity - total geothermal production","2019","Kilowatt-hours, million","8260.967",""
"New Zealand","Electricity - total geothermal production","2018","Kilowatt-hours, million","8193.042",""
"New Zealand","Electricity - total geothermal production","2017","Kilowatt-hours, million","8245.887",""
"New Zealand","Electricity - total geothermal production","2016","Kilowatt-hours, million","8202",""
"New Zealand","Electricity - total geothermal production","2015","Kilowatt-hours, million","8214",""
"New Zealand","Electricity - total geothermal production","2014","Kilowatt-hours, million","7627",""
"New Zealand","Electricity - total geothermal production","2013","Kilowatt-hours, million","6836",""
"New Zealand","Electricity - total geothermal production","2012","Kilowatt-hours, million","6448",""
"New Zealand","Electricity - total geothermal production","2011","Kilowatt-hours, million","6237",""
"New Zealand","Electricity - total geothermal production","2010","Kilowatt-hours, million","5892",""
"New Zealand","Electricity - total geothermal production","2009","Kilowatt-hours, million","4865",""
"New Zealand","Electricity - total geothermal production","2008","Kilowatt-hours, million","4204",""
"New Zealand","Electricity - total geothermal production","2007","Kilowatt-hours, million","3555",""
"New Zealand","Electricity - total geothermal production","2006","Kilowatt-hours, million","3368",""
"New Zealand","Electricity - total geothermal production","2005","Kilowatt-hours, million","3159",""
"New Zealand","Electricity - total geothermal production","2004","Kilowatt-hours, million","2789",""
"New Zealand","Electricity - total geothermal production","2003","Kilowatt-hours, million","2750",""
"New Zealand","Electricity - total geothermal production","2002","Kilowatt-hours, million","2814",""
"New Zealand","Electricity - total geothermal production","2001","Kilowatt-hours, million","2838",""
"New Zealand","Electricity - total geothermal production","2000","Kilowatt-hours, million","2922",""
"New Zealand","Electricity - total geothermal production","1999","Kilowatt-hours, million","2793",""
"New Zealand","Electricity - total geothermal production","1998","Kilowatt-hours, million","2529",""
"New Zealand","Electricity - total geothermal production","1997","Kilowatt-hours, million","2258",""
"New Zealand","Electricity - total geothermal production","1996","Kilowatt-hours, million","2161",""
"New Zealand","Electricity - total geothermal production","1995","Kilowatt-hours, million","2161",""
"New Zealand","Electricity - total geothermal production","1994","Kilowatt-hours, million","2227",""
"New Zealand","Electricity - total geothermal production","1993","Kilowatt-hours, million","2382",""
"New Zealand","Electricity - total geothermal production","1992","Kilowatt-hours, million","2259",""
"New Zealand","Electricity - total geothermal production","1991","Kilowatt-hours, million","2287",""
"New Zealand","Electricity - total geothermal production","1990","Kilowatt-hours, million","2131",""
"Nicaragua","Electricity - total geothermal production","2020","Kilowatt-hours, million","767.312",""
"Nicaragua","Electricity - total geothermal production","2019","Kilowatt-hours, million","778.131",""
"Nicaragua","Electricity - total geothermal production","2018","Kilowatt-hours, million","801",""
"Nicaragua","Electricity - total geothermal production","2017","Kilowatt-hours, million","751",""
"Nicaragua","Electricity - total geothermal production","2016","Kilowatt-hours, million","706",""
"Nicaragua","Electricity - total geothermal production","2015","Kilowatt-hours, million","678",""
"Nicaragua","Electricity - total geothermal production","2014","Kilowatt-hours, million","662",""
"Nicaragua","Electricity - total geothermal production","2013","Kilowatt-hours, million","679",""
"Nicaragua","Electricity - total geothermal production","2012","Kilowatt-hours, million","523",""
"Nicaragua","Electricity - total geothermal production","2011","Kilowatt-hours, million","273",""
"Nicaragua","Electricity - total geothermal production","2010","Kilowatt-hours, million","302",""
"Nicaragua","Electricity - total geothermal production","2009","Kilowatt-hours, million","297",""
"Nicaragua","Electricity - total geothermal production","2008","Kilowatt-hours, million","322",""
"Nicaragua","Electricity - total geothermal production","2007","Kilowatt-hours, million","243",""
"Nicaragua","Electricity - total geothermal production","2006","Kilowatt-hours, million","311",""
"Nicaragua","Electricity - total geothermal production","2005","Kilowatt-hours, million","271",""
"Nicaragua","Electricity - total geothermal production","2004","Kilowatt-hours, million","255",""
"Nicaragua","Electricity - total geothermal production","2003","Kilowatt-hours, million","271",""
"Nicaragua","Electricity - total geothermal production","2002","Kilowatt-hours, million","210",""
"Nicaragua","Electricity - total geothermal production","2001","Kilowatt-hours, million","206",""
"Nicaragua","Electricity - total geothermal production","2000","Kilowatt-hours, million","134",""
"Nicaragua","Electricity - total geothermal production","1999","Kilowatt-hours, million","102",""
"Nicaragua","Electricity - total geothermal production","1998","Kilowatt-hours, million","121",""
"Nicaragua","Electricity - total geothermal production","1997","Kilowatt-hours, million","600","1"
"Nicaragua","Electricity - total geothermal production","1996","Kilowatt-hours, million","600","1"
"Nicaragua","Electricity - total geothermal production","1995","Kilowatt-hours, million","550","1"
"Nicaragua","Electricity - total geothermal production","1994","Kilowatt-hours, million","515","1"
"Nicaragua","Electricity - total geothermal production","1993","Kilowatt-hours, million","515","1"
"Nicaragua","Electricity - total geothermal production","1992","Kilowatt-hours, million","468",""
"Nicaragua","Electricity - total geothermal production","1991","Kilowatt-hours, million","458",""
"Nicaragua","Electricity - total geothermal production","1990","Kilowatt-hours, million","386",""
"Other Asia","Electricity - total geothermal production","2020","Kilowatt-hours, million","1.912",""
"Other Asia","Electricity - total geothermal production","2019","Kilowatt-hours, million","0.757",""
"Other Asia","Electricity - total geothermal production","2018","Kilowatt-hours, million","0.001",""
"Other Asia","Electricity - total geothermal production","1993","Kilowatt-hours, million","1",""
"Other Asia","Electricity - total geothermal production","1992","Kilowatt-hours, million","2",""
"Other Asia","Electricity - total geothermal production","1991","Kilowatt-hours, million","2",""
"Other Asia","Electricity - total geothermal production","1990","Kilowatt-hours, million","3",""
"Papua New Guinea","Electricity - total geothermal production","2021","Kilowatt-hours, million","425","1"
"Papua New Guinea","Electricity - total geothermal production","2020","Kilowatt-hours, million","400",""
"Papua New Guinea","Electricity - total geothermal production","2019","Kilowatt-hours, million","422",""
"Papua New Guinea","Electricity - total geothermal production","2018","Kilowatt-hours, million","422",""
"Papua New Guinea","Electricity - total geothermal production","2017","Kilowatt-hours, million","420",""
"Papua New Guinea","Electricity - total geothermal production","2016","Kilowatt-hours, million","420",""
"Papua New Guinea","Electricity - total geothermal production","2015","Kilowatt-hours, million","422",""
"Papua New Guinea","Electricity - total geothermal production","2014","Kilowatt-hours, million","422",""
"Papua New Guinea","Electricity - total geothermal production","2013","Kilowatt-hours, million","422",""
"Papua New Guinea","Electricity - total geothermal production","2012","Kilowatt-hours, million","422",""
"Papua New Guinea","Electricity - total geothermal production","2011","Kilowatt-hours, million","422",""
"Papua New Guinea","Electricity - total geothermal production","2010","Kilowatt-hours, million","422",""
"Papua New Guinea","Electricity - total geothermal production","2009","Kilowatt-hours, million","422",""
"Papua New Guinea","Electricity - total geothermal production","2008","Kilowatt-hours, million","422",""
"Papua New Guinea","Electricity - total geothermal production","2007","Kilowatt-hours, million","422",""
"Papua New Guinea","Electricity - total geothermal production","2006","Kilowatt-hours, million","227",""
"Papua New Guinea","Electricity - total geothermal production","2005","Kilowatt-hours, million","132",""
"Philippines","Electricity - total geothermal production","2021","Kilowatt-hours, million","10681.4",""
"Philippines","Electricity - total geothermal production","2020","Kilowatt-hours, million","10756.8",""
"Philippines","Electricity - total geothermal production","2019","Kilowatt-hours, million","10690.8",""
"Philippines","Electricity - total geothermal production","2018","Kilowatt-hours, million","10435.3",""
"Philippines","Electricity - total geothermal production","2017","Kilowatt-hours, million","10270.1",""
"Philippines","Electricity - total geothermal production","2016","Kilowatt-hours, million","11070.4",""
"Philippines","Electricity - total geothermal production","2015","Kilowatt-hours, million","11043.7",""
"Philippines","Electricity - total geothermal production","2014","Kilowatt-hours, million","10308.1",""
"Philippines","Electricity - total geothermal production","2013","Kilowatt-hours, million","9604.6",""
"Philippines","Electricity - total geothermal production","2012","Kilowatt-hours, million","10250",""
"Philippines","Electricity - total geothermal production","2011","Kilowatt-hours, million","9942.3",""
"Philippines","Electricity - total geothermal production","2010","Kilowatt-hours, million","9929.2",""
"Philippines","Electricity - total geothermal production","2009","Kilowatt-hours, million","10323.8",""
"Philippines","Electricity - total geothermal production","2008","Kilowatt-hours, million","10722.7797",""
"Philippines","Electricity - total geothermal production","2007","Kilowatt-hours, million","10214.6884",""
"Philippines","Electricity - total geothermal production","2006","Kilowatt-hours, million","10465",""
"Philippines","Electricity - total geothermal production","2005","Kilowatt-hours, million","9902",""
"Philippines","Electricity - total geothermal production","2004","Kilowatt-hours, million","10282",""
"Philippines","Electricity - total geothermal production","2003","Kilowatt-hours, million","9822",""
"Philippines","Electricity - total geothermal production","2002","Kilowatt-hours, million","10242",""
"Philippines","Electricity - total geothermal production","2001","Kilowatt-hours, million","10442",""
"Philippines","Electricity - total geothermal production","2000","Kilowatt-hours, million","11626",""
"Philippines","Electricity - total geothermal production","1999","Kilowatt-hours, million","10594",""
"Philippines","Electricity - total geothermal production","1998","Kilowatt-hours, million","8914",""
"Philippines","Electricity - total geothermal production","1997","Kilowatt-hours, million","7237",""
"Philippines","Electricity - total geothermal production","1996","Kilowatt-hours, million","6534",""
"Philippines","Electricity - total geothermal production","1995","Kilowatt-hours, million","6135","1"
"Philippines","Electricity - total geothermal production","1994","Kilowatt-hours, million","6320","1"
"Philippines","Electricity - total geothermal production","1993","Kilowatt-hours, million","5668","1"
"Philippines","Electricity - total geothermal production","1992","Kilowatt-hours, million","5700",""
"Philippines","Electricity - total geothermal production","1991","Kilowatt-hours, million","5757",""
"Philippines","Electricity - total geothermal production","1990","Kilowatt-hours, million","5466",""
"Portugal","Electricity - total geothermal production","2020","Kilowatt-hours, million","217.172",""
"Portugal","Electricity - total geothermal production","2019","Kilowatt-hours, million","215.36",""
"Portugal","Electricity - total geothermal production","2018","Kilowatt-hours, million","230.387",""
"Portugal","Electricity - total geothermal production","2017","Kilowatt-hours, million","216.659",""
"Portugal","Electricity - total geothermal production","2016","Kilowatt-hours, million","172",""
"Portugal","Electricity - total geothermal production","2015","Kilowatt-hours, million","204",""
"Portugal","Electricity - total geothermal production","2014","Kilowatt-hours, million","205",""
"Portugal","Electricity - total geothermal production","2013","Kilowatt-hours, million","197",""
"Portugal","Electricity - total geothermal production","2012","Kilowatt-hours, million","146",""
"Portugal","Electricity - total geothermal production","2011","Kilowatt-hours, million","210",""
"Portugal","Electricity - total geothermal production","2010","Kilowatt-hours, million","197",""
"Portugal","Electricity - total geothermal production","2009","Kilowatt-hours, million","184",""
"Portugal","Electricity - total geothermal production","2008","Kilowatt-hours, million","192",""
"Portugal","Electricity - total geothermal production","2007","Kilowatt-hours, million","201",""
"Portugal","Electricity - total geothermal production","2006","Kilowatt-hours, million","85",""
"Portugal","Electricity - total geothermal production","2005","Kilowatt-hours, million","71",""
"Portugal","Electricity - total geothermal production","2004","Kilowatt-hours, million","84",""
"Portugal","Electricity - total geothermal production","2003","Kilowatt-hours, million","90",""
"Portugal","Electricity - total geothermal production","2002","Kilowatt-hours, million","96",""
"Portugal","Electricity - total geothermal production","2001","Kilowatt-hours, million","105",""
"Portugal","Electricity - total geothermal production","2000","Kilowatt-hours, million","80",""
"Portugal","Electricity - total geothermal production","1999","Kilowatt-hours, million","80",""
"Portugal","Electricity - total geothermal production","1998","Kilowatt-hours, million","58",""
"Portugal","Electricity - total geothermal production","1997","Kilowatt-hours, million","51",""
"Portugal","Electricity - total geothermal production","1996","Kilowatt-hours, million","49",""
"Portugal","Electricity - total geothermal production","1995","Kilowatt-hours, million","42",""
"Portugal","Electricity - total geothermal production","1994","Kilowatt-hours, million","33",""
"Portugal","Electricity - total geothermal production","1993","Kilowatt-hours, million","4",""
"Portugal","Electricity - total geothermal production","1992","Kilowatt-hours, million","5",""
"Portugal","Electricity - total geothermal production","1991","Kilowatt-hours, million","5",""
"Portugal","Electricity - total geothermal production","1990","Kilowatt-hours, million","4",""
"Russian Federation","Electricity - total geothermal production","2020","Kilowatt-hours, million","421.4",""
"Russian Federation","Electricity - total geothermal production","2019","Kilowatt-hours, million","432.676",""
"Russian Federation","Electricity - total geothermal production","2018","Kilowatt-hours, million","426.343",""
"Russian Federation","Electricity - total geothermal production","2017","Kilowatt-hours, million","434.952",""
"Russian Federation","Electricity - total geothermal production","2016","Kilowatt-hours, million","446",""
"Russian Federation","Electricity - total geothermal production","2015","Kilowatt-hours, million","457",""
"Russian Federation","Electricity - total geothermal production","2014","Kilowatt-hours, million","455",""
"Russian Federation","Electricity - total geothermal production","2013","Kilowatt-hours, million","444",""
"Russian Federation","Electricity - total geothermal production","2012","Kilowatt-hours, million","477",""
"Russian Federation","Electricity - total geothermal production","2011","Kilowatt-hours, million","522",""
"Russian Federation","Electricity - total geothermal production","2010","Kilowatt-hours, million","505",""
"Russian Federation","Electricity - total geothermal production","2009","Kilowatt-hours, million","464",""
"Russian Federation","Electricity - total geothermal production","2008","Kilowatt-hours, million","465",""
"Russian Federation","Electricity - total geothermal production","2007","Kilowatt-hours, million","485",""
"Russian Federation","Electricity - total geothermal production","2006","Kilowatt-hours, million","463",""
"Russian Federation","Electricity - total geothermal production","2005","Kilowatt-hours, million","410",""
"Russian Federation","Electricity - total geothermal production","2004","Kilowatt-hours, million","403",""
"Russian Federation","Electricity - total geothermal production","2003","Kilowatt-hours, million","324",""
"Russian Federation","Electricity - total geothermal production","2002","Kilowatt-hours, million","156",""
"Russian Federation","Electricity - total geothermal production","2001","Kilowatt-hours, million","91",""
"Russian Federation","Electricity - total geothermal production","2000","Kilowatt-hours, million","58",""
"Russian Federation","Electricity - total geothermal production","1999","Kilowatt-hours, million","28",""
"Russian Federation","Electricity - total geothermal production","1998","Kilowatt-hours, million","30",""
"Russian Federation","Electricity - total geothermal production","1997","Kilowatt-hours, million","29",""
"Russian Federation","Electricity - total geothermal production","1996","Kilowatt-hours, million","28",""
"Russian Federation","Electricity - total geothermal production","1995","Kilowatt-hours, million","30",""
"Russian Federation","Electricity - total geothermal production","1994","Kilowatt-hours, million","31",""
"Russian Federation","Electricity - total geothermal production","1993","Kilowatt-hours, million","28",""
"Russian Federation","Electricity - total geothermal production","1992","Kilowatt-hours, million","29",""
"Thailand","Electricity - total geothermal production","2021","Kilowatt-hours, million","1.1",""
"Thailand","Electricity - total geothermal production","2020","Kilowatt-hours, million","1.1",""
"Thailand","Electricity - total geothermal production","2019","Kilowatt-hours, million","1.3",""
"Thailand","Electricity - total geothermal production","2018","Kilowatt-hours, million","1.4",""
"Thailand","Electricity - total geothermal production","2017","Kilowatt-hours, million","1.5",""
"Thailand","Electricity - total geothermal production","2016","Kilowatt-hours, million","1",""
"Thailand","Electricity - total geothermal production","2015","Kilowatt-hours, million","1",""
"Thailand","Electricity - total geothermal production","2014","Kilowatt-hours, million","1",""
"Thailand","Electricity - total geothermal production","2013","Kilowatt-hours, million","1",""
"Thailand","Electricity - total geothermal production","2012","Kilowatt-hours, million","1",""
"Thailand","Electricity - total geothermal production","2011","Kilowatt-hours, million","1",""
"Thailand","Electricity - total geothermal production","2010","Kilowatt-hours, million","2",""
"Thailand","Electricity - total geothermal production","2009","Kilowatt-hours, million","2",""
"Thailand","Electricity - total geothermal production","2008","Kilowatt-hours, million","2",""
"Thailand","Electricity - total geothermal production","2007","Kilowatt-hours, million","2",""
"Thailand","Electricity - total geothermal production","2006","Kilowatt-hours, million","1.7",""
"Thailand","Electricity - total geothermal production","2005","Kilowatt-hours, million","1.5",""
"Thailand","Electricity - total geothermal production","2004","Kilowatt-hours, million","1.6",""
"Thailand","Electricity - total geothermal production","2003","Kilowatt-hours, million","1.6",""
"Thailand","Electricity - total geothermal production","2002","Kilowatt-hours, million","1.6",""
"Thailand","Electricity - total geothermal production","2001","Kilowatt-hours, million","1.5",""
"Thailand","Electricity - total geothermal production","2000","Kilowatt-hours, million","1.6",""
"Thailand","Electricity - total geothermal production","1999","Kilowatt-hours, million","1.5",""
"Thailand","Electricity - total geothermal production","1998","Kilowatt-hours, million","1.3",""
"Thailand","Electricity - total geothermal production","1997","Kilowatt-hours, million","2",""
"Thailand","Electricity - total geothermal production","1996","Kilowatt-hours, million","2",""
"Thailand","Electricity - total geothermal production","1995","Kilowatt-hours, million","1",""
"Thailand","Electricity - total geothermal production","1994","Kilowatt-hours, million","1",""
"Thailand","Electricity - total geothermal production","1993","Kilowatt-hours, million","1",""
"Thailand","Electricity - total geothermal production","1992","Kilowatt-hours, million","1",""
"Thailand","Electricity - total geothermal production","1991","Kilowatt-hours, million","1",""
"Thailand","Electricity - total geothermal production","1990","Kilowatt-hours, million","1",""
"Trkiye","Electricity - total geothermal production","2020","Kilowatt-hours, million","10027.697",""
"Trkiye","Electricity - total geothermal production","2019","Kilowatt-hours, million","8951.74",""
"Trkiye","Electricity - total geothermal production","2018","Kilowatt-hours, million","7430.976",""
"Trkiye","Electricity - total geothermal production","2017","Kilowatt-hours, million","6127.482",""
"Trkiye","Electricity - total geothermal production","2016","Kilowatt-hours, million","4819",""
"Trkiye","Electricity - total geothermal production","2015","Kilowatt-hours, million","3425",""
"Trkiye","Electricity - total geothermal production","2014","Kilowatt-hours, million","2364",""
"Trkiye","Electricity - total geothermal production","2013","Kilowatt-hours, million","1364",""
"Trkiye","Electricity - total geothermal production","2012","Kilowatt-hours, million","899",""
"Trkiye","Electricity - total geothermal production","2011","Kilowatt-hours, million","694",""
"Trkiye","Electricity - total geothermal production","2010","Kilowatt-hours, million","668",""
"Trkiye","Electricity - total geothermal production","2009","Kilowatt-hours, million","436",""
"Trkiye","Electricity - total geothermal production","2008","Kilowatt-hours, million","162",""
"Trkiye","Electricity - total geothermal production","2007","Kilowatt-hours, million","156",""
"Trkiye","Electricity - total geothermal production","2006","Kilowatt-hours, million","94",""
"Trkiye","Electricity - total geothermal production","2005","Kilowatt-hours, million","94",""
"Trkiye","Electricity - total geothermal production","2004","Kilowatt-hours, million","93",""
"Trkiye","Electricity - total geothermal production","2003","Kilowatt-hours, million","89",""
"Trkiye","Electricity - total geothermal production","2002","Kilowatt-hours, million","105",""
"Trkiye","Electricity - total geothermal production","2001","Kilowatt-hours, million","90",""
"Trkiye","Electricity - total geothermal production","2000","Kilowatt-hours, million","76",""
"Trkiye","Electricity - total geothermal production","1999","Kilowatt-hours, million","81",""
"Trkiye","Electricity - total geothermal production","1998","Kilowatt-hours, million","85",""
"Trkiye","Electricity - total geothermal production","1997","Kilowatt-hours, million","83",""
"Trkiye","Electricity - total geothermal production","1996","Kilowatt-hours, million","84",""
"Trkiye","Electricity - total geothermal production","1995","Kilowatt-hours, million","86",""
"Trkiye","Electricity - total geothermal production","1994","Kilowatt-hours, million","79",""
"Trkiye","Electricity - total geothermal production","1993","Kilowatt-hours, million","78",""
"Trkiye","Electricity - total geothermal production","1992","Kilowatt-hours, million","70",""
"Trkiye","Electricity - total geothermal production","1991","Kilowatt-hours, million","81",""
"Trkiye","Electricity - total geothermal production","1990","Kilowatt-hours, million","80",""
"United States","Electricity - total geothermal production","2020","Kilowatt-hours, million","18830.935",""
"United States","Electricity - total geothermal production","2019","Kilowatt-hours, million","18363.517",""
"United States","Electricity - total geothermal production","2018","Kilowatt-hours, million","18773.501",""
"United States","Electricity - total geothermal production","2017","Kilowatt-hours, million","18726.464",""
"United States","Electricity - total geothermal production","2016","Kilowatt-hours, million","18584",""
"United States","Electricity - total geothermal production","2015","Kilowatt-hours, million","18727",""
"United States","Electricity - total geothermal production","2014","Kilowatt-hours, million","18710",""
"United States","Electricity - total geothermal production","2013","Kilowatt-hours, million","18422",""
"United States","Electricity - total geothermal production","2012","Kilowatt-hours, million","18135",""
"United States","Electricity - total geothermal production","2011","Kilowatt-hours, million","17840",""
"United States","Electricity - total geothermal production","2010","Kilowatt-hours, million","17577",""
"United States","Electricity - total geothermal production","2009","Kilowatt-hours, million","17046",""
"United States","Electricity - total geothermal production","2008","Kilowatt-hours, million","16873",""
"United States","Electricity - total geothermal production","2007","Kilowatt-hours, million","16798",""
"United States","Electricity - total geothermal production","2006","Kilowatt-hours, million","16581",""
"United States","Electricity - total geothermal production","2005","Kilowatt-hours, million","16778",""
"United States","Electricity - total geothermal production","2004","Kilowatt-hours, million","15487",""
"United States","Electricity - total geothermal production","2003","Kilowatt-hours, million","14870",""
"United States","Electricity - total geothermal production","2002","Kilowatt-hours, million","14939",""
"United States","Electricity - total geothermal production","2001","Kilowatt-hours, million","14246",""
"United States","Electricity - total geothermal production","2000","Kilowatt-hours, million","14621",""
"United States","Electricity - total geothermal production","1999","Kilowatt-hours, million","15717",""
"United States","Electricity - total geothermal production","1998","Kilowatt-hours, million","15369",""
"United States","Electricity - total geothermal production","1997","Kilowatt-hours, million","14907",""
"United States","Electricity - total geothermal production","1996","Kilowatt-hours, million","15746",""
"United States","Electricity - total geothermal production","1995","Kilowatt-hours, million","14941",""
"United States","Electricity - total geothermal production","1994","Kilowatt-hours, million","17479",""
"United States","Electricity - total geothermal production","1993","Kilowatt-hours, million","17774",""
"United States","Electricity - total geothermal production","1992","Kilowatt-hours, million","17168",""
"United States","Electricity - total geothermal production","1991","Kilowatt-hours, million","16267",""
"United States","Electricity - total geothermal production","1990","Kilowatt-hours, million","16012",""
"USSR (former)","Electricity - total geothermal production","1991","Kilowatt-hours, million","30","1"
"USSR (former)","Electricity - total geothermal production","1990","Kilowatt-hours, million","28",""
"Viet Nam","Electricity - total geothermal production","1990","Kilowatt-hours, million","0",""

"fnSeqID","Footnote"
"1","Estimate"
